<kh.edu.npic.unitgrader.grade.manager.SavedResults>
  <testDirectory>C:\jahorton\unitgrader\samples\2</testDirectory>
  <testSpec>
    <testCases>
      <tests>
        <testCase>bin/Assignment_Verifier.class</testCase>
        <tests>
          <entry>
            <string>testConstructor_test</string>
            <int>1</int>
          </entry>
          <entry>
            <string>getSize_long_test</string>
            <int>1</int>
          </entry>
          <entry>
            <string>sumOfDoubleEvenPlace_long_test</string>
            <int>1</int>
          </entry>
          <entry>
            <string>isValid_long_test</string>
            <int>1</int>
          </entry>
          <entry>
            <string>displayPermutation_String_String_test</string>
            <int>1</int>
          </entry>
          <entry>
            <string>getDigit_int_test</string>
            <int>1</int>
          </entry>
          <entry>
            <string>sumOfOddPlace_long_test</string>
            <int>1</int>
          </entry>
          <entry>
            <string>getPrefix_long_int_test</string>
            <int>1</int>
          </entry>
          <entry>
            <string>displayPermutation_String_test</string>
            <int>1</int>
          </entry>
          <entry>
            <string>prefixMatched_long_int_test</string>
            <int>1</int>
          </entry>
        </tests>
        <compactComments>false</compactComments>
      </tests>
      <tests>
        <testCase>bin/CreditCardGrader.class</testCase>
        <tests>
          <entry>
            <string>debug_oddSumTest</string>
            <int>6</int>
          </entry>
          <entry>
            <string>debug_prefixMatchTest</string>
            <int>6</int>
          </entry>
          <entry>
            <string>debug_getSizeTests</string>
            <int>6</int>
          </entry>
          <entry>
            <string>debug_evenSumTest</string>
            <int>6</int>
          </entry>
          <entry>
            <string>standardEvenDigits</string>
            <int>6</int>
          </entry>
          <entry>
            <string>standardOddDigits</string>
            <int>6</int>
          </entry>
          <entry>
            <string>bookExamplesTest</string>
            <int>6</int>
          </entry>
          <entry>
            <string>badLengthTests</string>
            <int>6</int>
          </entry>
          <entry>
            <string>badPrefix_OddDigits</string>
            <int>6</int>
          </entry>
          <entry>
            <string>badPrefix_EvenDigits</string>
            <int>6</int>
          </entry>
          <entry>
            <string>debug_getPrefixTest</string>
            <int>6</int>
          </entry>
        </tests>
        <compactComments>false</compactComments>
      </tests>
      <tests>
        <testCase>bin/StringPermutationGrader.class</testCase>
        <tests>
          <entry>
            <string>partialTest</string>
            <int>8</int>
          </entry>
          <entry>
            <string>bookExample</string>
            <int>8</int>
          </entry>
          <entry>
            <string>alternateTest</string>
            <int>8</int>
          </entry>
        </tests>
        <compactComments>false</compactComments>
      </tests>
    </testCases>
    <imports/>
    <deletes/>
    <lmsIdentifier>Sakai</lmsIdentifier>
  </testSpec>
  <priorData>
    <entry>
      <string>899100</string>
      <student>
        <first>test </first>
        <last>student</last>
        <id>899100</id>
        <baseFolder>student, test (899100)/files</baseFolder>
        <codeFolder>student, test (899100)/files</codeFolder>
        <timestamp>20141126045321714</timestamp>
        <analysis>
          <entry>
            <tests reference="../../../../../../testSpec/testCases/tests"/>
            <result>
              <testCase>bin/Assignment_Verifier.class</testCase>
              <failures/>
              <crashes/>
            </result>
          </entry>
          <entry>
            <tests reference="../../../../../../testSpec/testCases/tests[2]"/>
            <result>
              <testCase>bin/CreditCardGrader.class</testCase>
              <failures/>
              <crashes/>
            </result>
          </entry>
          <entry>
            <tests reference="../../../../../../testSpec/testCases/tests[3]"/>
            <result>
              <testCase>bin/StringPermutationGrader.class</testCase>
              <failures/>
              <crashes/>
            </result>
          </entry>
        </analysis>
        <baseGrade>100.0</baseGrade>
        <gradeTimestamp>1519789576130</gradeTimestamp>
        <comments>Assignment_Verifier.class: 

CreditCardGrader.class: 

StringPermutationGrader.class: 

</comments>
        <tested>true</tested>
        <compiled>true</compiled>
        <skipped>false</skipped>
        <flagged>false</flagged>
        <processed>false</processed>
      </student>
    </entry>
  </priorData>
  <lastExportTimestamp>0</lastExportTimestamp>
</kh.edu.npic.unitgrader.grade.manager.SavedResults>